{
  "R": [
    [
      0.005662938079062485,
      -0.999929779095637,
      -0.010409995680301709
    ],
    [
      0.04578490095231319,
      -0.01013997817254425,
      0.9988998566860683
    ],
    [
      -0.998935270163738,
      -0.006133328656733994,
      0.04572426382664818
    ]
  ],
  "t": [
    -0.17358460332715347,
    -2.4598971983722313,
    0.16144842726301825
  ],
  "meta": {
    "method": "PnP_Accumulated_Iterative",
    "total_samples": 87,
    "inliers": 23,
    "reproj_error": 18.506896510903083
  }
}