{
  "R": [
    [
      -0.018393954968851562,
      0.9998230604038143,
      0.003938312500866794
    ],
    [
      -0.03500884521241343,
      0.0032925084178831755,
      -0.9993815788502465
    ],
    [
      0.9992177156043107,
      0.018520455530812174,
      -0.03494208850990552
    ]
  ],
  "t": [
    1.5343734680282277,
    1.268662220486164,
    -0.02081531189788573
  ]
}